name,description,price,img,linkto,infos2,infos3,infos4,rating
Samsung Galaxy A10 32Go noir,Mobile sous Android 9 Pie,144,https://image.mistergooddeal.com/gps_communication/telephone_mobile/telephone_portable/samsung_galaxy_a10_32go_noir_n1905114700740A_180055766.jpg,https://www.mistergooddeal.com/nav/achat/gps_communication/telephone_mobile/telephone_portable/samsung_galaxy_a10_32go_noir.html,"Ecran Panoramique 6,2’’ HD+ 1520 x 720 pixels",2 Go RAM - 32 Go de stockage,Appareil photo 13 Mégapixels - Vidéo FHD 30fps,5/5 (1 avis)
Xiaomi REDMI NOTE 7 32Go BK,Mobile sous Android 9 Pie - MIUI 10,265,https://image.mistergooddeal.com/gps_communication/telephone_mobile/telephone_portable/xiaomi_redmi_note7_32go_bk_n1903114670230A_110700365.jpg,https://www.mistergooddeal.com/nav/achat/gps_communication/telephone_mobile/telephone_portable/xiaomi_redmi_note7_32go_bk.html,"Écran 6,3” 19,5:9 FHD+ 2340 x 1080 pixels",Processeur Qualcomm Snapdragon 660 - 3 Go RAM - 32 Go de stockage,Double Caméra arrière 48 + 5 Mégapixels,5/5 (1 avis)
Huawei P20 PRO BLACK,OS Android 8.1 - Oreo,530,https://image.mistergooddeal.com/gps_communication/telephone_mobile/telephone_portable/huawei_p20_pro_black_128go_n1803264399820A_152207129.jpg,https://www.mistergooddeal.com/nav/achat/gps_communication/telephone_mobile/telephone_portable/huawei_p20_pro_black_128go.html,"Tactile 15,5 cm (6,1"") - FHD+ 2244 x 1080 pixels",Processeur Octo-coeur Kirin 970,Photo Triple capteur 40+20+8 MP - Vidéo Full HD 1080p,5/5 (1 avis)
Samsung GALAXY A40 blanc 64Go,Mobile sous OS Android 9 Pie + One UI,232,https://image.mistergooddeal.com/gps_communication/telephone_mobile/telephone_portable/samsung_galaxy_a40_blanc_64_n1903194672925A_142415062.jpg,https://www.mistergooddeal.com/nav/achat/gps_communication/telephone_mobile/telephone_portable/samsung_galaxy_a40_blanc_64.html,64 Go ROM et 4 Go RAM,"Ecran Panoramique 5,9’’ Full HD+ AMOLED: 2340 x 1080",Appareil photo principal double capteur : Capteur principal : 16 MP - Capteur Ultra grand angle : 5 MP / Caméra frontale : 25 MP,5/5 (1 avis)
Doro 8035 16GO BLEU,Android 7.1 Nougat,194,https://image.mistergooddeal.com/gps_communication/telephone_mobile/telephone_portable/doro_doro_8035_16go_bleu_n1803304400941A_174336364.jpg,https://www.mistergooddeal.com/nav/achat/gps_communication/telephone_mobile/telephone_portable/doro_doro_8035_16go_bleu.html,Ecran tactile 12.7 cm (5 pouces) - 1280 x 720 pixels,Photo 5 mégapixels - Vidéo HD 720p,Processeur Qualcomm Snapdragon 210 - 16Go de mémoire,5/5 (1 avis)
Apple IPHONE 8 64GO ARGENT,OS Apple - iOS 11,519,https://image.mistergooddeal.com/telephonie/telephone_mobile_seul/iphone/apple_iphone_8_64gb_arg_n1709154361016A_174024158.jpg,https://www.mistergooddeal.com/nav/achat/telephonie/telephone_mobile_seul/iphone/apple_iphone_8_64gb_arg.html,"Écran tactile 11,9 cm (4,7'') - LCD Retina HD 1334 x 750 pixels",Photo 12 mégapixels - Vidéo UHD 4K,Puce A11 Bionic - 64 Go de mémoire,5/5 (1 avis)
Apple IPHONE 7 32 GO NOIR,OS Apple - iOS 10,426,https://image.mistergooddeal.com/telephonie/telephone_mobile_seul/iphone/apple_iph7_32go_noir_n1609084258150A_145829473.jpg,https://www.mistergooddeal.com/nav/achat/telephonie/telephone_mobile_seul/iphone/apple_iph7_32go_noir.html,"Écran tactile 11,9cm (4,7'') - IPS Retina HD 1334 x 750 pixels",Photo 12 mégapixels - Vidéo UHD 4K,Processeur A10 FUSION - 32 Go de mémoire,5/5 (1 avis)
Samsung Galaxy A50 noir 128 Go,Mobile sous OS Android 9 Pie,308,https://image.mistergooddeal.com/gps_communication/telephone_mobile/telephone_portable/samsung_galaxy_a50_noir_128_n1903114673026A_164442850.jpg,https://www.mistergooddeal.com/nav/achat/gps_communication/telephone_mobile/telephone_portable/samsung_galaxy_a50_noir_128.html,"Ecran Panoramique 6,4’’ AMOLED Full HD+ : 2340 x 1080",128 Go ROM et 4 Go RAM,Triple capteur : Capteur principal : 25 MP - Capteur Ultra grand angle : 8 MP - Capteur Mode Portrait : 5 MP,5/5 (3 avis)
Apple IPHONE 11 PRO MAX 256GO MIDNIGHT GREEN,Mobile sous OS Apple - iOS 13 - 4G+,1 311,https://image.mistergooddeal.com/telephonie/telephone_mobile_seul/iphone/apple_iph11_p_max_256g_grn_n1909114738454A_144934829.jpg,https://www.mistergooddeal.com/nav/achat/telephonie/telephone_mobile_seul/iphone/apple_iph11_p_max_256g_grn.html,"Ecran tactile 16,5 cm (6,5 pouces) 2688 x 1242 pixels",Processeur A13 Bionic - Capacité 256 Go,,5/5 (2 avis)
Apple IPHONE XR 64BG YELLOW,Mobile sous OS Apple - iOS 12 - 4G+,709,https://image.mistergooddeal.com/telephonie/telephone_mobile_seul/iphone/apple_ref_iphone_022_n1809134604075A_001236038.JPG,https://www.mistergooddeal.com/nav/achat/telephonie/telephone_mobile_seul/iphone/apple_ref_iphone_022.html,"Ecran tactile 15,4 cm (6,1 pouces) 1792 x 828 pixels",Processeur A12 - 64 Go de mémoire,Appareil photo grand angle 12 Mégapixels - Vidéo 4K UHD,5/5 (1 avis)
Apple IPHONE 8 64 GO OR,OS Apple - iOS 11,521,https://image.mistergooddeal.com/telephonie/telephone_mobile_seul/iphone/apple_iphone_8_64gb_or_n1709154361024A_174350046.jpg,https://www.mistergooddeal.com/nav/achat/telephonie/telephone_mobile_seul/iphone/apple_iphone_8_64gb_or.html,"Écran tactile 11,9 cm (4,7'') - LCD Retina HD 1334 x 750 pixels",Photo 12 mégapixels - Vidéo UHD 4K,Puce A11 Bionic - 64 Go de mémoire,5/5 (1 avis)
Apple IPHONE 8 PLUS 64 GO GRIS SIDERAL,OS Apple - iOS 11,630,https://image.mistergooddeal.com/telephonie/telephone_mobile_seul/iphone/apple_iph8_plus_64_gb_sg_n1709154361083A_180909240.jpg,https://www.mistergooddeal.com/nav/achat/telephonie/telephone_mobile_seul/iphone/apple_iph8_plus_64_gb_sg.html,"Ecran tactile 13.9 cm (5,5) - 1920 x 1080 pixels",Photo 12 mégapixels grand angle et téléobjectif - Vidéo UHD 4K,Puce A11 Bionic - 64 Go de mémoire,5/5 (2 avis)
Samsung GALAXY NOTE 4 NOIR,OS Android 4.4 - Kit Kat,185,https://image.mistergooddeal.com/gps_communication/telephone_mobile/telephone_portable/samsung_galaxy_note_4_noir_n1409264052269A_172323503.jpg,https://www.mistergooddeal.com/nav/achat/gps_communication/telephone_mobile/telephone_portable/samsung_galaxy_note_4_noir.html,"Écran tactile 14,4cm (5.7'') - Super AMOLED QHD 2560x1440p",Photo 16 mégapixels - Vidéo UHD 3840 x 2160 pixels,"Processeur quadri-cœur 2,7GHz - 32Go de mémoire",5/5 (1 avis)
Htc ONE M8s,OS Android 5.0 - Lollipop,237,https://image.mistergooddeal.com/gps_communication/telephone_mobile/telephone_portable/htc_one_m8_s_acier_n1504144112008A_141709358.jpg,https://www.mistergooddeal.com/nav/achat/gps_communication/telephone_mobile/telephone_portable/htc_one_m8_s_acier.html,"Écran tactile 12,7cm (5'') - Full HD 1920x1080 pixels",Photo 13 mégapixels - Vidéo Full HD 1080p,"Processeur Octo-coeur 1,7GHz - 16Go de mémoire",5/5 (1 avis)
Samsung GALAXY S7 EDGE OR,OS Android 6.0 - Marshmallow,219,https://image.mistergooddeal.com/gps_communication/telephone_mobile/telephone_portable/samsung_glxy_s7_edge_or_n1602204206070A_180957352.jpg,https://www.mistergooddeal.com/nav/achat/gps_communication/telephone_mobile/telephone_portable/samsung_glxy_s7_edge_or.html,"Ecran tactile incurvé de 5,5"" (13.97 cm) - Super Amoled Quad HD 2560 x 1440 pixels",Photo 12 mégapixels - Vidéo UHD 4K,"Processeur Octo-coeur 2,3GHz - 32Go de mémoire",5/5 (2 avis)
Huawei P9 LITE DUAL SIM BLANC,OS Android 6.0 - Marshmallow,293,https://image.mistergooddeal.com/gps_communication/telephone_mobile/telephone_portable/huawei_p9_lite_white_n1605044229673A_162357555.jpg,https://www.mistergooddeal.com/nav/achat/gps_communication/telephone_mobile/telephone_portable/huawei_p9_lite_white.html,"Écran tactile 13,2cm (5,2'') - Full HD 1920 x 1080 pixels",Photo 13 mégapixels - Vidéo Full HD 1080p,Processeur Octo-coeur 2GHz - 16Go de mémoire,5/5 (2 avis)
Honor 8 BLANC,OS Android 6.0 - Marshmallow,389,https://image.mistergooddeal.com/gps_communication/telephone_mobile/telephone_portable/honor_8_blanc_n1608104254970A_142642293.jpg,https://www.mistergooddeal.com/nav/achat/gps_communication/telephone_mobile/telephone_portable/honor_8_blanc.html,"Écran tactile 13,2cm (5,2'') - Full HD 1920 x 1080 pixels",Photo 12 mégapixels - Vidéo Full HD 1080p,"Processeur Octo-coeur 2,3GHz - 32Go de mémoire",5/5 (1 avis)
Huawei P10 NOIR,OS Android 7.0 - Nougat,549,https://image.mistergooddeal.com/gps_communication/telephone_mobile/telephone_portable/huawei_p10_black_n1702244298489A_114913788.jpg,https://www.mistergooddeal.com/nav/achat/gps_communication/telephone_mobile/telephone_portable/huawei_p10_black.html,"Écran tactile 13,2cm (5,2'') - Full HD 1920 x 1080 pixels",Photo 20 + 12 mégapixels - Vidéo Full HD 1080p,"Processeur octo-cœur 2,4GHz - 64Go de mémoire",5/5 (1 avis)
Apple IPHONE 5S 16GO GRIS SIDERAL,OS Apple - iOS 7,86,https://image.mistergooddeal.com/telephonie/telephone_mobile_seul/iphone/apple_iphone_5s_16go_noir_n1512093812006A_173325534.jpg,https://www.mistergooddeal.com/nav/achat/telephonie/telephone_mobile_seul/iphone/apple_iphone_5s_16go_noir.html,"Écran tactile 10,2cm (4.0'') - Retina 640x1136 pixels",Photo 8 mégapixels - Vidéo Full HD 1080p,Processeur A7 - 16Go de mémoire,5/5 (1 avis)
Samsung GALAXY S5 NOIR,OS Android 4.4.2 - KitKat,129,https://image.mistergooddeal.com/gps_communication/telephone_mobile/telephone_portable/samsung_galaxy_s5_noir_n1405094003365A_184444244.jpg,https://www.mistergooddeal.com/nav/achat/gps_communication/telephone_mobile/telephone_portable/samsung_galaxy_s5_noir.html,"Écran tactile 12,9cm (5,1'') - Super Amoled Full HD 1080p",Photo 16 mégapixels - Vidéo Full HD 1080p,"Processeur quadri-cœur 2,5GHz - 16Go de mémoire",5/5 (2 avis)
Samsung GALAXY CORE 4G NOIR,,149,https://image.mistergooddeal.com/gps_communication/telephone_mobile/telephone_portable/samsung_galaxy_core_4g_noir_n1406184021657A_111416162.jpg,https://www.mistergooddeal.com/nav/achat/gps_communication/telephone_mobile/telephone_portable/samsung_galaxy_core_4g_noir.html,,,,5/5 (1 avis)
Samsung GALAXY S6 32GO BLANC ASTRAL,OS Android 5.0 - Lollipop,145,https://image.mistergooddeal.com/gps_communication/telephone_mobile/telephone_portable/samsung_galaxy_s6_32go_blanc_n1503194099281A_145022868.jpg,https://www.mistergooddeal.com/nav/achat/gps_communication/telephone_mobile/telephone_portable/samsung_galaxy_s6_32go_blanc.html,"Écran tactile 12,9cm (5,1'') - Super Amoled Quad HD 2560 x 1440 pixels",Photo 16 mégapixels - Vidéo UHD 3840 x 2160 pixels,"Processeur Octo-coeur 2,1GHz - 32Go de mémoire",5/5 (1 avis)
Samsung GALAXY S6 32GO NOIR COSMOS,OS Android 5.0 - Lollipop,373,https://image.mistergooddeal.com/gps_communication/telephone_mobile/telephone_portable/samsung_galaxy_s6_32_go_noir_n1503194099311A_153456156.jpg,https://www.mistergooddeal.com/nav/achat/gps_communication/telephone_mobile/telephone_portable/samsung_galaxy_s6_32_go_noir.html,"Écran tactile 12,9cm (5,1'') - Super Amoled Quad HD 2560 x 1440 pixels",Photo 16 mégapixels - Vidéo UHD 3840 x 2160 pixels,"Processeur Octo-coeur 2,1GHz - 32Go de mémoire",5/5 (1 avis)
Samsung GALAXY S7 OR ROSE,OS Android 6.0 - Marshmallow,209,https://image.mistergooddeal.com/gps_communication/telephone_mobile/telephone_portable/samsung_glxy_s7_or_rose_n1605244234359A_153421732.jpg,https://www.mistergooddeal.com/nav/achat/gps_communication/telephone_mobile/telephone_portable/samsung_glxy_s7_or_rose.html,"Écran tactile 12,9cm (5,1'') - Super Amoled Quad HD 2560 x 1440 pixels",Photo 12 mégapixels - Vidéo UHD 4K,"Processeur Octo-coeur 2,3GHz - 32Go de mémoire",5/5 (1 avis)
Honor 5C DUAL SIM GOLD,OS Android 6.0 - Marshmallow,200,https://image.mistergooddeal.com/gps_communication/telephone_mobile/telephone_portable/honor_5c_gold_n1606014235967A_111529890.jpg,https://www.mistergooddeal.com/nav/achat/gps_communication/telephone_mobile/telephone_portable/honor_5c_gold.html,"Écran tactile 13,2cm (5,2'') - Full HD IPS 1920 x 1080 pixels",Photo 13 mégapixels - Vidéo Full HD 1080p,Processeur Octo-coeur 2GHz - 16Go de mémoire,5/5 (1 avis)
Thomson TLINK 11 NOIR,2G (GSM) / Quadri-band / compatible SIM standard,357,https://image.mistergooddeal.com/gps_communication/telephone_mobile/telephone_portable/thomson_tlink11_bk_n1606014236475A_155714992.jpg,https://www.mistergooddeal.com/nav/achat/gps_communication/telephone_mobile/telephone_portable/thomson_tlink11_bk.html,"Écran 1,77"" - 128 x 160 pixels 65000 couleurs",Bluetooth,Slot MicroSD,5/5 (1 avis)
Sony XPERIA XA DUAL SIM 16GO NOIR,OS Android 6.0 - Marshmallow,171,https://image.mistergooddeal.com/gps_communication/telephone_mobile/telephone_portable/sony_xperia_xa_16_go_noir_n1606064237692A_122018633.jpg,https://www.mistergooddeal.com/nav/achat/gps_communication/telephone_mobile/telephone_portable/sony_xperia_xa_16_go_noir.html,"Ecran tactile 12.7 cm (5"") - Triluminos 1280 X 720 pixels",Photo 13 mégapixels - Vidéo Full HD 1080p,"Processeur Octo-coeur 2,0GHz - 16Go de mémoire",5/5 (1 avis)
Huawei NOVA OR,OS Android 6.0 - Marshmallow,275,https://image.mistergooddeal.com/gps_communication/telephone_mobile/telephone_portable/huawei_nova_or_n1610214265637A_150429133.jpg,https://www.mistergooddeal.com/nav/achat/gps_communication/telephone_mobile/telephone_portable/huawei_nova_or.html,"Ecran tactile 12.7 cm (5"") - IPS 1920 x 1080 pixels",Photo 12 mégapixels - Vidéo UHD 4K,Processeur octo-cœur 2GHz - 32Go de mémoire,5/5 (1 avis)
Sony XPERIA XA1 ULTRA DUAL SIM 32GO BLANC,OS Android 7.0 - Nougat,391,https://image.mistergooddeal.com/gps_communication/telephone_mobile/telephone_portable/sony_xperiaxa1ultrads_bk_1_n1704144315391A_102943427.jpg,https://www.mistergooddeal.com/nav/achat/gps_communication/telephone_mobile/telephone_portable/sony_xperiaxa1ultrads_bk_1.html,"Écran tactile 15,2cm (6"") - Full HD 1920x1080 pixels",Photo 23 mégapixels - Vidéo Full HD 1080p,"Processeur Octo-coeur 2,3GHz - 32Go de mémoire",5/5 (1 avis)
Samsung GALAXY S8 ARGENT POLAIRE,OS Android 7.0 - Nougat,809,https://image.mistergooddeal.com/gps_communication/telephone_mobile/telephone_portable/samsung_dream_1_s_n1703294306228A_163858016.jpg,https://www.mistergooddeal.com/nav/achat/gps_communication/telephone_mobile/telephone_portable/samsung_dream_1_s.html,"Écran tactile 14,7 cm (5,8'') - Quad HD+ 2960 x 1440 pixels",Photo 12 mégapixels - Vidéo UHD 4K,"Processeur Octo-coeur 2,3GHz - 64Go de mémoire",5/5 (1 avis)
Samsung GALAXY S8 ORCHIDEE,OS Android 7.0 - Nougat,809,https://image.mistergooddeal.com/gps_communication/telephone_mobile/telephone_portable/samsung_dream_1_l_n1703294306295A_165014037.jpg,https://www.mistergooddeal.com/nav/achat/gps_communication/telephone_mobile/telephone_portable/samsung_dream_1_l.html,"Écran tactile 14,7 cm (5,8'') - Quad HD+ 2960 x 1440 pixels",Photo 12 mégapixels - Vidéo UHD 4K,"Processeur Octo-coeur 2,3GHz - 64Go de mémoire",5/5 (1 avis)
Apple IPHONE SE 32GO GRIS SIDERAL,OS Apple - iOS 9,165,https://image.mistergooddeal.com/telephonie/telephone_mobile_seul/iphone/apple_iph_se_32_spgr_n1603224043260A_164556656.jpg,https://www.mistergooddeal.com/nav/achat/telephonie/telephone_mobile_seul/iphone/apple_iph_se_32_spgr.html,"Ecran tactile de 10,2 cm (4"") - 1136 x 640 pixels",Photo 12 mégapixels - Vidéo UHD 4K,Processeur A9 - 32Go de mémoire,5/5 (1 avis)
Lg G6 BLEU PLATINIUM,OS Android 7.1 - Nougat,592,https://image.mistergooddeal.com/gps_communication/telephone_mobile/telephone_portable/lg_g6_bleu_platinium_n1706304340248A_170113833.jpg,https://www.mistergooddeal.com/nav/achat/gps_communication/telephone_mobile/telephone_portable/lg_g6_bleu_platinium.html,"Ecran tactile 14.5 cm (5,7"") - IPS 2880 x 1440 pixels",Photo 13 mégapixels + 13 mégapixels - Vidéo Ultra HD 4K,"Processeur Quad Core 2,35GHz - 32Go de mémoire",5/5 (3 avis)
Asus ZENFONE 4 SELFIE NOIR,OS Android 7.0 - Nougat,352,https://image.mistergooddeal.com/gps_communication/telephone_mobile/telephone_portable/asus_zenfone_4_selfie_bk_n1708314356705A_155618515.jpg,https://www.mistergooddeal.com/nav/achat/gps_communication/telephone_mobile/telephone_portable/asus_zenfone_4_selfie_bk.html,"Écran tactile 13,97cm (5,5'') -HD IPS 1280x720 pixels",Photo 16 mégapixels - Vidéo Full HD 1080p,"Processeur Octo-coeur 1,4GHz - 64Go de mémoire",5/5 (1 avis)
Huawei Y6 2017 GRIS,OS Android 6.0 - Marshmallow,145,https://image.mistergooddeal.com/gps_communication/telephone_mobile/telephone_portable/huawei_y6_2017_gris_n1707134344030A_163524774.jpg,https://www.mistergooddeal.com/nav/achat/gps_communication/telephone_mobile/telephone_portable/huawei_y6_2017_gris.html,"Ecran tactile 12.7 cm (5"") - HD 1280 X 720 pixels",Photo 13 mégapixels - Vidéo Full HD 1080p,"Processeur Quad-Core 1,4 GHz - 16Go de mémoire",5/5 (1 avis)
Apple IPHONE 8 PLUS RED 256GO,OS Apple - iOS 11,599,https://image.mistergooddeal.com/telephonie/telephone_mobile_seul/iphone/apple_iph8_plus_red_256go_n1804094360206A_165255325.jpg,https://www.mistergooddeal.com/nav/achat/telephonie/telephone_mobile_seul/iphone/apple_iph8_plus_red_256go.html,"Écran tactile 13,9 cm (5,5'') - Retina HD 1920 x 1080 pixels",Photo 12 mégapixels grand angle et téléobjectif - Vidéo UHD 4K,Puce A11 Bionic - 256 Go de mémoire,5/5 (1 avis)
Huawei P SMART NOIR,OS Android 8.0 - Oreo,260,https://image.mistergooddeal.com/gps_communication/telephone_mobile/telephone_portable/huawei_p_smart_noir_n1801234389328A_143717415.JPG,https://www.mistergooddeal.com/nav/achat/gps_communication/telephone_mobile/telephone_portable/huawei_p_smart_noir.html,"Écran tactile 14.27 cm (5,65'') - Full HD+ 2160 x 1080 pixels",Photo 13 mégapixels + 2 mégapixels - Vidéo Full HD 1080p,"Processeur Octo-coeur 2,36GHz - 32Go de mémoire",5/5 (1 avis)
Honor 10 MIDNIGHT BLACK,OS Android 8.1 - Oreo,369,https://image.mistergooddeal.com/gps_communication/telephone_mobile/telephone_portable/honor_10_midnight_black_n1805034410602A_164508595.jpg,https://www.mistergooddeal.com/nav/achat/gps_communication/telephone_mobile/telephone_portable/honor_10_midnight_black.html,"Écran tactile 5,84'' - 18:9 Full HD+ 2280 x 1080 pixels",Photo 24 mégapixels + 16 mégapixels - Vidéo Full HD 1080p,"Processeur Octo-coeur 2,36GHz - 64Go de mémoire",5/5 (1 avis)
Samsung Galaxy A7 Noir,"ÉCRAN PANORAMIQUE 6,0’’",362,https://image.mistergooddeal.com/gps_communication/telephone_mobile/telephone_portable/samsung_galaxy_a7_noir_1_n1810034614224A_084757838.jpg,https://www.mistergooddeal.com/nav/achat/gps_communication/telephone_mobile/telephone_portable/samsung_galaxy_a7_noir_1.html,STOCKAGE EXTENSIBLE 64 Go + port microSD jusqu'à 512 Go,Lecteur d'empreintes latéral,TRIPLE CAPTEUR PHOTO : 24 MP + 5 MP + 8 MP,5/5 (2 avis)
Huawei Y6 PRO 2017 OR,OS Android 7.0 - Nougat,125,https://image.mistergooddeal.com/gps_communication/telephone_mobile/telephone_portable/huawei_y6_pro_17_gold_n1708234347641A_110511271.jpg,https://www.mistergooddeal.com/nav/achat/gps_communication/telephone_mobile/telephone_portable/huawei_y6_pro_17_gold.html,"Ecran tactile 12.7 cm (5"") - HD 1280 X 720 pixels",Photo 13 mégapixels - Vidéo Full HD 1080p,"Processeur Quad-Core 1,4 GHz - 16Go de mémoire",5/5 (1 avis)
Samsung GALAXY J3 2017 NOIR,OS Android 7.0 - Nougat,322,https://image.mistergooddeal.com/gps_communication/telephone_mobile/telephone_portable/samsung_galaxy_j3_2017_noir_n1708084351576A_115945783.jpg,https://www.mistergooddeal.com/nav/achat/gps_communication/telephone_mobile/telephone_portable/samsung_galaxy_j3_2017_noir.html,"Ecran tactile 12.7 cm (5"") - HD 1280 X 720 pixels",Photo 13 mégapixels - Vidéo HD,"Processeur Quad-Core 1,4 GHz - 16Go de mémoire",5/5 (1 avis)
Huawei P20 LITE PINK 64GO,OS Android 8.0 - Oreo,578,https://image.mistergooddeal.com/gps_communication/telephone_mobile/telephone_portable/huawei_p20_lite_pink_64go_n1803214399862A_135556557.jpg,https://www.mistergooddeal.com/nav/achat/gps_communication/telephone_mobile/telephone_portable/huawei_p20_lite_pink_64go.html,"Ecran tactile FullView 5,84"" FHD",Processeur Octo-coeur Kirin 659,Photo 16 mégapixels - Vidéo Full HD 1080p,5/5 (1 avis)
Honor VIEW 10 NOIR,OS Android 8.0 - Oreo,559,https://image.mistergooddeal.com/gps_communication/telephone_mobile/telephone_portable/honor_view_10_noir_n1801044386884A_172818446.jpg,https://www.mistergooddeal.com/nav/achat/gps_communication/telephone_mobile/telephone_portable/honor_view_10_noir.html,"Ecran tactile 15.21 cm (5,99"") - IPS FHD+ 2160 X 1080 pixels",Photo 16 mégapixels + 20 mégapixels - Vidéo UHD 4K,"Processeur octo-cœur 2,36 GHz - 128Go de mémoire",5/5 (1 avis)
Wiko SUNNY3 ANTHRACITE,OS Android 8.0 - Oreo,799,https://image.mistergooddeal.com/gps_communication/telephone_mobile/telephone_portable/wiko_sunny3_anthracite_n1808164522940A_162636174.jpg,https://www.mistergooddeal.com/nav/achat/gps_communication/telephone_mobile/telephone_portable/wiko_sunny3_anthracite.html,"Ecran tactile de 5"" (12,7cm) - 480 x 854 pixels",Photo 5 mégapixels - Vidéo HD 720p,"Processeur Quad Core 1,3GHz - 8Go de mémoire",5/5 (1 avis)
Crosscall TREKKER-X4 NOIR,"Ecran super-résistant : IPS Corning Gorilla® Glass 5, 0,9 mm",620,https://image.mistergooddeal.com/gps_communication/telephone_mobile/telephone_portable/crosscall_trekker-x4_noir_n1810084624033A_114048294.jpg,https://www.mistergooddeal.com/nav/achat/gps_communication/telephone_mobile/telephone_portable/crosscall_trekker-x4_noir.html,"Processeur OCTO-CORE 2,2GHZ Qualcomm® SnapDragon™ SD660",Résistant à l'eau (norme IP 68) et résistant à la poussière,Appareil photo 12 mégapixels,5/5 (1 avis)
Apple IPHONE 8 PLUS 256 GO ARGENT,OS Apple - iOS 11,679,https://image.mistergooddeal.com/telephonie/telephone_mobile_seul/iphone/apple_iph8_plus_256go_ar_n1709154361121A_180302828.jpg,https://www.mistergooddeal.com/nav/achat/telephonie/telephone_mobile_seul/iphone/apple_iph8_plus_256go_ar.html,"Ecran tactile 13.9 cm (5,5) - 1920 x 1080 pixels",Photo 12 mégapixels grand angle et téléobjectif - Vidéo UHD 4K,Puce A11 Bionic - 256 Go de mémoire,5/5 (1 avis)
Apple IPHONE X 256 GO ARGENT,OS Apple - iOS 11,799,https://image.mistergooddeal.com/telephonie/telephone_mobile_seul/iphone/apple_iph_x_256g_silver_n1710124368380A_163632774.jpg,https://www.mistergooddeal.com/nav/achat/telephonie/telephone_mobile_seul/iphone/apple_iph_x_256g_silver.html,"Écran tactile 14,7 cm (5,8'') - Super Retina 2 436 x 1 125 pixels",Photo double capteur 12 mégapixels grand angle et téléobjectif - Vidéo UHD 4K,Puce A11 Bionic - 256 Go de mémoire,5/5 (2 avis)
Apple IPHONE XR 128 GO JAUNE,Mobile sous OS Apple - iOS 12 - 4G,759,https://image.mistergooddeal.com/telephonie/telephone_mobile_seul/iphone/apple_ref_iphone_028_n1809134603990A_001450446.JPG,https://www.mistergooddeal.com/nav/achat/telephonie/telephone_mobile_seul/iphone/apple_ref_iphone_028.html,"Ecran tactile 15,4 cm (6,1 pouces) 1792 x 828 pixels",Processeur A12 - 128 Go de mémoire,Appareil photo grand angle 12 Mégapixels - Vidéo 4K UHD,5/5 (1 avis)
Honor 8X 64Go Blue,Design FullView 91% Écran Full HD+,219,https://image.mistergooddeal.com/gps_communication/telephone_mobile/telephone_portable/honor_8x_bleu_64go_n1809214609417A_145148589.jpg,https://www.mistergooddeal.com/nav/achat/gps_communication/telephone_mobile/telephone_portable/honor_8x_bleu_64go.html,Batterie haute capacité 3750 mAh,Mémoire 64 Go ou 128 Go + Port Micro SD,Processeur Kirin 710 avec GPU Turbo,"4,8/5 (4 avis)"
Samsung GALAXY S7 NOIR,OS Android 6.0 - Marshmallow,500,https://image.mistergooddeal.com/gps_communication/telephone_mobile/telephone_portable/samsung_glxy_s7_noir_n1602204206010A_164408081.jpg,https://www.mistergooddeal.com/nav/achat/gps_communication/telephone_mobile/telephone_portable/samsung_glxy_s7_noir.html,"Écran tactile 12,9cm (5,1'') - Super Amoled Quad HD 2560 x 1440 pixels",Photo 12 mégapixels - Vidéo UHD 4K,"Processeur Octo-coeur 2,3GHz - 32Go de mémoire","4,8/5 (6 avis)"
Apple IPHONE 6 32GO GRIS SIDERAL,OS Apple - iOS 8,159,https://image.mistergooddeal.com/telephonie/telephone_mobile_seul/iphone/apple_iphone_6_32go_spagy_n1512094042760A_121208741.jpg,https://www.mistergooddeal.com/nav/achat/telephonie/telephone_mobile_seul/iphone/apple_iphone_6_32go_spagy.html,"Écran tactile 11,9cm (4,7'') - IPS Retina HD 1334 x 750 pixels",Photo 8 mégapixels - Vidéo HD 1080p,Processeur A8 - 32Go de mémoire,"4,7/5 (3 avis)"
Huawei P9 LITE DUAL SIM NOIR,OS Android 6.0 - Marshmallow,265,https://image.mistergooddeal.com/gps_communication/telephone_mobile/telephone_portable/huawei_p9_lite_black_n1605044229584A_142308643.jpg,https://www.mistergooddeal.com/nav/achat/gps_communication/telephone_mobile/telephone_portable/huawei_p9_lite_black.html,"Écran tactile 13,2cm (5,2'') - Full HD 1920 x 1080 pixels",Photo 13 mégapixels - Vidéo Full HD 1080p,Processeur Octo-coeur 2GHz - 16Go de mémoire,"4,7/5 (3 avis)"
Nokia 7 PLUS BLACK,OS Android 8.0 - Oreo,570,https://image.mistergooddeal.com/gps_communication/telephone_mobile/telephone_portable/nokia_7_plus_black_n1804044403983A_154643199.jpg,https://www.mistergooddeal.com/nav/achat/gps_communication/telephone_mobile/telephone_portable/nokia_7_plus_black.html,"Écran tactile 15,2cm (6"") - Full HD+ 2160x1080 pixels",Processeur Octo-cœur Snapdragon 660,Photo double capteur 12+13 MP - Vidéo 4K,"4,7/5 (3 avis)"
Apple IPHONE 8 64 GO GRIS SIDERAL,OS Apple - iOS 11,516,https://image.mistergooddeal.com/telephonie/telephone_mobile_seul/iphone/apple_iph8_64gb_sg_n1709154360940A_173551648.jpg,https://www.mistergooddeal.com/nav/achat/telephonie/telephone_mobile_seul/iphone/apple_iph8_64gb_sg.html,"Écran tactile 11,9 cm (4,7'') - LCD Retina HD 1334 x 750 pixels",Photo 12 mégapixels - Vidéo UHD 4K,Puce A11 Bionic - 64 Go de mémoire,"4,5/5 (2 avis)"
Samsung GALAXY J5 2016 OR,OS Android 6.0 - Marshmallow,167,https://image.mistergooddeal.com/gps_communication/telephone_mobile/telephone_portable/samsung_galaxy_j5_2016_or_n1604224225988A_153346932.jpg,https://www.mistergooddeal.com/nav/achat/gps_communication/telephone_mobile/telephone_portable/samsung_galaxy_j5_2016_or.html,"Ecran tactile 13.2 cm (5,2"") - HD 1280 x 720 pixels",Photo 13 mégapixels - Vidéo Full HD 1080p,"Processeur Quad-core 1,5 GHz - 16Go de mémoire","4,5/5 (4 avis)"
Huawei P8 LITE 2017 DUAL SIM NOIR,OS Android 7.0 - Nougat,182,https://image.mistergooddeal.com/gps_communication/telephone_mobile/telephone_portable/huawei_p8_lite_2017_ds_bk_n1702214297547A_143744311.jpg,https://www.mistergooddeal.com/nav/achat/gps_communication/telephone_mobile/telephone_portable/huawei_p8_lite_2017_ds_bk.html,"Écran tactile 13,2cm (5,2'') - Full HD IPS 1920 x 1080 pixels",Photo 12 mégapixels - Vidéo Full HD 1080p,"Processeur Octo-coeur 2,1GHz - 16Go de mémoire","4,5/5 (4 avis)"
Huawei P8 LITE BLANC,OS Android 5.0 - Lollipop,162,https://image.mistergooddeal.com/gps_communication/telephone_mobile/telephone_portable/huawei_ascend_p8_lite_blanc_n1504304121848A_142519613.jpg,https://www.mistergooddeal.com/nav/achat/gps_communication/telephone_mobile/telephone_portable/huawei_ascend_p8_lite_blanc.html,"Ecran tactile 12.7 cm (5"") - HD 1280 X 720 pixels",Photo 13 mégapixels - Vidéo Full HD 1080p,"Processeur Octo-coeur 1,2GHz - 16Go de mémoire","4,5/5 (2 avis)"
Huawei Y7 2018 BLUE,OS Android 8.1 Oreo,152,https://image.mistergooddeal.com/gps_communication/telephone_mobile/telephone_portable/huawei_y7_2018_blue_n1805024408691A_162923241.jpg,https://www.mistergooddeal.com/nav/achat/gps_communication/telephone_mobile/telephone_portable/huawei_y7_2018_blue.html,"Ecran tactile 15.24cm (6"") - HD 1440 x 720 pixels","Processeur Octo-core 1,4 GHz - 16Go de mémoire",Photo 13 mégapixels - Vidéo Full HD 1080p,"4,5/5 (2 avis)"
Apple IPHONE 6S 32GO OR ROSE,OS Apple - iOS 9,374,https://image.mistergooddeal.com/telephonie/telephone_mobile_seul/iphone/apple_iph6s_32go_or_rose_n1512094165403A_161903590.jpg,https://www.mistergooddeal.com/nav/achat/telephonie/telephone_mobile_seul/iphone/apple_iph6s_32go_or_rose.html,"Écran tactile 11,9cm (4,7'') - IPS Retina HD 1334 x 750 pixels",Photo 12 mégapixels - Vidéo UHD 4K,Processeur A9 - 32Go de mémoire,"4,5/5 (2 avis)"
Samsung GALAXY J3 2016 NOIR,OS Android 5.1 - Lollipop,90,https://image.mistergooddeal.com/gps_communication/telephone_mobile/telephone_portable/samsung_galaxy_j3_2016_noir_n1604064219813A_144249452.jpg,https://www.mistergooddeal.com/nav/achat/gps_communication/telephone_mobile/telephone_portable/samsung_galaxy_j3_2016_noir.html,"Ecran tactile 12.7 cm (5"") - Super Amoled HD 1280 X 720 pixels",Photo 8 mégapixels - Vidéo Full HD 1080p,"Processeur Quad Core 1,5GHz - 8Go de mémoire","4,4/5 (11 avis)"
